Date,Pages concernées
2026-01-03,59
2026-01-04,68
2026-01-05,68
2026-01-06,68
2026-01-07,68
2026-01-08,68
2026-01-09,68
2026-01-10,68
2026-01-11,68
2026-01-12,68
2026-01-13,68
2026-01-14,68
2026-01-15,68
2026-01-16,68
2026-01-17,68
2026-01-18,68
2026-01-19,68
2026-01-20,68
2026-01-21,68
2026-01-22,68
2026-01-23,68
2026-01-24,68
2026-01-25,70
2026-01-26,70
2026-01-27,70
2026-01-28,71
2026-01-29,71
2026-01-30,71
2026-01-31,71
2026-02-01,71
2026-02-02,71
2026-02-03,71
2026-02-04,72
2026-02-05,72
2026-02-06,72
2026-02-07,72
2026-02-08,72
2026-02-09,72
2026-02-10,72
2026-02-11,72
2026-02-12,72
2026-02-13,72
2026-02-14,72
2026-02-15,73
2026-02-16,73
2026-02-17,73
2026-02-18,74
2026-02-19,74
2026-02-20,74
2026-02-21,74
2026-02-22,74
2026-02-23,74
2026-02-24,74
2026-02-25,79
2026-02-26,79
2026-02-27,79
2026-02-28,79
2026-03-01,79
2026-03-02,79
2026-03-03,79
2026-03-04,79
2026-03-05,79
2026-03-06,79
2026-03-07,79
2026-03-08,79
2026-03-09,79
2026-03-10,79
2026-03-11,79
2026-03-12,79
2026-03-13,79
2026-03-14,79
2026-03-15,79
2026-03-16,79
2026-03-17,79
2026-03-18,79
2026-03-19,79
2026-03-20,79
2026-03-21,79
2026-03-22,79
2026-03-23,79
2026-03-24,79
2026-03-25,79
2026-03-26,79
2026-03-27,79
2026-03-28,79